@fortune_sachiko,2022-05-09 11:28:59,くりっとした目、長いまつ毛、ちゅんとした唇、白い肌…中国のドール系美少女が可愛い。濃い涙袋メイクしなくても、顔の重心が低くて、幼い可愛らしさがあるの羨ましいな画像提供：RED （499907346） ,1523490182875418624
@fortune_sachiko,2022-05-08 19:50:22,四角顔・ベース顔を解消するポイントメイク。リップの色が濃いと目線が下に行ってエラや顔の四角さが目立つらしい…。リップ色を変えるだけで顔の骨格まで違って見えるのすごくない？画像提供：RED （264862126） ,1523253971720175616
@fortune_sachiko,2022-05-08 13:12:30,セーラームーン気分のネイルが可愛すぎ。画像提供：RED（103442265） ,1523153847228583937
@fortune_sachiko,2022-05-07 21:04:57,中国の芸術的すぎるアイメイク。アートすぎて見惚れちゃう。画像提供：RED（694049943W） ,1522910352710594561
@fortune_sachiko,2022-05-07 17:44:19,中国の火照りメイクが可愛すぎて…。アイ・チーク・リップがオレンジの同系色で統一されてるから、シンプルで洗練された顔立ちに見える！このメイクなら簡単に垢抜けられそう画像提供：RED（953931007） ,1522859865063919617
@fortune_sachiko,2022-05-07 12:47:22,スウィーツスウィーツの眉ワックス新色が可愛い。抜け感のある優しい印象の「03 ピンクブラウン」。ペンシルよりふんわり、パウダーよりくっきりな、自眉っぽい仕上がりを叶えてくれるらしい。同日から眉マスカラの定番発売されるそうです ,1522785135006867458
@fortune_sachiko,2022-05-06 18:34:42,指先が綺麗に見える万人受けネイル。色々試すけど結局はこういう色に帰ってくるのよね…画像提供：RED（Zz_520S） ,1522510155220279296
@fortune_sachiko,2022-05-06 11:58:09,-10kg減量して良かったこと・顔が一回り小さくなった・顔肉が落ち目が大きくなった・肌荒れが圧倒的に減った・念願のくびれができた・自信がついて前向きになれた・シンプルな服を着こなせる・タイトな服が怖くなくなった・憧れのマーメイドスカートが履けた・オシャレの幅が広がって楽しい,1522410361139306496
@fortune_sachiko,2022-05-05 13:05:15,中国美女のアイメイク、吸引力がすごすぎ。こんな子犬みたいな目で見られたら絶対釘付けになる画像提供：RED（106604218） ,1522064857872302080
@fortune_sachiko,2022-05-04 17:22:49,メイクだけで顔が180度変わる中国美女メイク上手すぎて、もはやイエベ・ブルベの壁も超越してる。オレンジが主役のかわいい系メイクorブルーが主役のクール系メイク、あなたはどっち派？画像提供：RED （837831557） ,1521767287891525634
@fortune_sachiko,2022-05-04 11:14:49,SUQQUの2022夏コレクション。夏のまぼろし“陽炎”がテーマになった、オレンジ×微細パールが主役のコスメがラインナップしています！イエベさん大歓喜のカラバリですよ〜 ,1521674677889867776
@fortune_sachiko,2022-05-03 16:32:50,ダイソーで売ってる「シール付きアクリルミラー」が可愛い＆便利でおすすめ。幸子はスマホケースに貼ってます。今のところ汚れとか指紋も目立たないし、割れにくいし、剥がれる気配も一切ない！これは「まる型＆くも型」だけど、ダイヤみたいな形のもあったよ〜！ ,1521392324277768192
@fortune_sachiko,2022-05-03 11:14:30,AMUSE『水感モモコレクション』が可愛すぎ…。「デューティント11桃」からインスピレーションを受けた5つの桃色リップが、3種のテクスチャーで展開されます！水感モモ・完熟モモ・ライラックモモなど、最高に乙女心をくすぐられる ,1521312213100756993
@fortune_sachiko,2022-05-02 14:57:55,m.m.mの“トライアルプライス”製品がめちゃお得！！廃棄ロスの軽減を目的に、使用期限が残りわずかな商品・廃盤を予定している製品を50%OFFで販売してる。下地 +UV+ 保湿美容液の「カラーチューナー」とか、植物オイル配合のリップ&amp;チークとか…人気アイテムが半額で買えますよ✨ ,1521006050245156864
@fortune_sachiko,2022-05-02 12:37:16,皆さん…エテュセの夏新作コスメにやばいグリッターがいます…。キラキラのグリッターパールがたっぷり入った「リキッドカラー」N 04 ダズリングシャワー。涙袋にのせたら、うるキラな目もとに仕上がるそうです…✨ ,1520970650659155968
@fortune_sachiko,2022-05-01 13:25:27,これ！！私が求めてた究極のベージュ系アイメイク✨目の周りがくすんだ印象にならない自然なベージュに、繊細なラメが散りばめられてて、まばたきする度に宝石みたいな輝きを放ってる。ナチュラルなのにしっかり盛れてるし最高。このアイメイク目指す画像提供：RED （236638753） ,1520620390740942848
@fortune_sachiko,2022-04-30 16:30:59,もっと早く買っておけば良かった…と心から思う、KATEの眉マスカラ。今まで色んな眉マスカラ使ってきたけど、ダントツで優秀。私の剛毛眉でもしっかり液がついて高発色。なのに地肌につきにくくて、色ムラのないふさっとした眉に仕上がる。1000円以下のプチプラだからリピ買いもしやすい。 ,1520304695037751296
@fortune_sachiko,2022-04-30 12:50:35,中国REDでネイル調べる時パート②・短指甲美甲（ショートネイル）・冰透美甲（透け感ネイル）・仙女美甲（お嬢様ネイル）・美甲ins（インスタ系ネイル）・夏日美甲（夏ネイル）・温柔美甲（フェミニンネイル）・裸色美甲（ヌーディネイル）・金屬風美甲（メタリックネイル） ,1520249229779759105
@fortune_sachiko,2022-04-29 22:57:21,デート前日にすべき美容ケア・シートマスクをする・ボディのムダ毛ケア・スクラブで角質ケア・マッサージをする・メディキュットを履く・顔の産毛を剃る・ヘアパックで集中ケア・ネイルファンデを塗る・リップパックをするなるべく早く寝たいのに気づいたら深夜1時とかになってるやつ,1520039539095474177
@fortune_sachiko,2022-04-29 14:23:11,中国のREDで流行ってて、日本でも圧倒的に人気だったタイメイクワンホンのタイメイク動画も是非見てほしい！すっぴんも美しいんだけど、メイクが進むにつれて、どんどんハーフ顔っぽくなってくのがすごい。画像提供：RED （837831557）  ,1519910145072910337
@fortune_sachiko,2022-04-29 11:35:28,サボリーノから肌あれ＆美白の薬用シートマスクが発売されるらしい。有効成分配合でシミ・そばかすにアプローチする美白タイプと、有効成分＆CICAが肌を整える肌あれタイプ。嬉しいのは、これ1枚で化粧水・乳液・美容液・クリーム・パックの5役をこなせるところ！さすがサボリーノ✨ ,1519867938135633920
@fortune_sachiko,2022-04-28 17:02:56,中国REDでネイル調べる時パート①・美甲（ネイル）　・造型美甲（ネイルデザイン）・法式美甲（フレンチネイル）・漸層色美甲（グラデーションネイル）・單色美甲（ワンカラーネイル）・亮粉美甲（グリッターネイル）・霧面美甲（マットネイル）需要あればパート②出します！！ ,1519587957639761922
@fortune_sachiko,2022-04-28 15:15:51,まるで香水瓶みたいなジルの新作ネイルが可愛すぎネイルカラー全23色・カラーベース＆トップコート全10色・ネイルケアオイル全2色がラインナップ！この可愛さが税抜2000円で買えるのはかなり良心的だよね…。 ,1519561008569745408
@fortune_sachiko,2022-04-28 11:55:30,エテュセの夏コレクションが可愛い！！！「スモーキーカラー×輝き質感」で旬のムードを作り出す、マスカラ下地・ジェルライナー・カラーパレット・リキッドカラー・ベースメイクが登場。カラバリがめちゃくちゃオシャレ〜 ,1519510591567630339
@fortune_sachiko,2022-04-27 16:49:52,YSLのシロップリップ03が可愛い。体温でとろけるような、ほろ苦いチョコレートブラウン。深みのあるブラウンリップだけど、ぷるんとした贅沢なツヤ感で重たくなりすぎない。こういうダークカラーって肌の白さも際立つし、美人度が爆上がりしそう画像提供：RED （713076119） ,1519222284153540608
@fortune_sachiko,2022-04-27 14:53:13,キャンメイクの抜け感グレージュライナーが可愛すぎ…。グレージュ・ローズグレージュ・ミルクブルージュの絶妙なニュアンスカラー3色が数量限定で発売される！しかもこのアイライナープチプラとは思えないほど落ちにくいから本当におすすめ ,1519192928144437254
@fortune_sachiko,2022-04-27 11:56:41,今年もSHIROの『アイスミント』シリーズが5/24〜発売される！ひんやり冷感×柑橘の香りでクールダウンできる、夏にぴったりなボディローションとミスト。これはまさに夏の救世主✨ ,1519148500105146370
@fortune_sachiko,2022-04-26 18:19:39,ティントリップ最前線のタイで一番売れてるという、キャシードール「Vit C ウォーターティント」。このティントのすごいところは、複数色を混ぜ合わせて自分好みのカラーが作れるところ。果汁みたいな水ベースだから、シャカシャカ振ってカクテルみたいにブレンドできるらしい！めっちゃ楽しそう〜 ,1518882489736974337
@fortune_sachiko,2022-04-26 15:29:59,メイクミーハッピーから“紅茶の香り”のオードトワレが出るらしい！シトラス＆ローズの2種展開で、優しい香り立ちだから香水が苦手な人でも使いやすい。このシリーズどれも万人受けの良い香りばっかりだから今回も期待大☕️✨ ,1518839789448880128
@fortune_sachiko,2022-04-26 14:09:41,ヒロインメイクのマスカラ下地にラベンダーの限定色が出る！白残りしないから塗り残しが目立たなくて、カラーマスカラの下にも忍ばせやすいんだとか。ニュアンスパール入りでほの甘なこなれ感を演出してくれます ,1518819582680526849
@fortune_sachiko,2022-04-26 11:25:31,ルルルン初の医薬部外品シリーズが気になる！「ニキビ＆美白」「敏感肌＆保湿」を叶える2種類の“貼るフェイスサプリ”。処方箋みたいなパケも効きそうな感じがして期待が高まる…✨ ,1518778267024519168
@fortune_sachiko,2022-04-25 16:16:34,ディオールの夏コレクションが新作盛りだくさんで可愛い✨サンク限定2色に、ルミナイザー限定2色、ティント全6色など…ラインナップを画像でまとめましたした ,1518489125682237442
@fortune_sachiko,2022-04-25 15:45:40,ケイトから下まつげ・眉毛・髪の生え際まで描き足せる、多機能アイブロウが発売される！透け感のあるクリアブラウンカラーで、自然な毛流れを演出してくれるんだって。シャープライナーの新作も同日発売されますよ✨ ,1518481349060882432
@fortune_sachiko,2022-04-25 13:28:51,キャンメイク4月下旬発売の新作コスメ✍ ,1518446918006763520
@fortune_sachiko,2022-04-25 11:40:43,中国コスメJoocyeeの『水光シアーリップスティック』が可愛い。みずみずしいゼリー質感で輝くガラスのような唇にしてくれる高発色リップ。全8色のカラバリも抜群に良くて、幸子は「506きび糖ミルク」と「507シナモンちゃ」が気になる☺️ ,1518419706419367936
@fortune_sachiko,2022-04-24 19:26:35,ソフティモのポケモンコラボ可愛い©2022 Pokémon. ©1995-2022 Nintendo/Creatures Inc./GAME FREAK inc.TM ® and character names are trademarks of Nintendo. ,1518174557437259776
@fortune_sachiko,2022-04-24 17:20:50,ゴルゴ線＆クマ撲滅メイクがすごい目元のくすみとかゴルゴ線があると一気に疲れた印象になっちゃうけど、コンシーラー×ハイライトで一気に解決できる。下まぶた・涙袋メイクの前に是非やってみて！画像提供：RED （rrrremote） ,1518142911442919424
@fortune_sachiko,2022-04-23 19:51:11,中顔面を短縮する下まつ毛の描き方✍️・極細リキッドアイライナーを使う・色はダークブラウンが◎・目のキワから少し離して描く・目尻は長く描いてだんだん短くする・目頭まで行かず黒目の下あたりで止めるタレ目に見えて目の大きさも2倍に…！画像提供：RED （SUEVEN） ,1517818358724370433
@fortune_sachiko,2022-04-23 16:37:02,和菓子みたいなLUSH（ラッシュ）のミニバスボム12種がセットになった『四季の一服』。付属のティーバッグにバスボムを入れたら、お風呂に浮かべてほっと一息12個入りでお値段税込3800円だから、なんだか得した気分になれますね☺️✨ ,1517769499914637312
@fortune_sachiko,2022-04-23 15:49:38,クラランスの進化したリップオイルが4/27〜発売される。新たにオーガニックローズヒップオイル配合で、唇をぷるんと保湿ケア。カラバリも全8色にパワーアップしています✨03 04 05 08 10は、唇の水分量に反応してカラーが変化するそうです！ ,1517757572605874176
@fortune_sachiko,2022-04-23 11:37:46,デュカートの春ネイル全5色ベージュ×ピンク偏光パールの「Pearl river」と、グリーン×偏光パールの「ピスタチオグリーン」は新色。その他3色は過去限定色の復刻色なんだとか ,1517694186798993408
@fortune_sachiko,2022-04-22 19:51:55,中国REDで人気のお国メイク4選①韩系妆容（韓国）②泰式妆容（タイ）③法式妆容（フランス）④日系妆容（日本）日本のメイクは透明感のある清純なイメージで好まれてるみたい。皆さんはどのメイクが好き？？ ,1517456157350133760
@fortune_sachiko,2022-04-22 17:33:47,すっぴん風なのに顔面レベルが確実にアップする、シャネルのリップ#63。黄みと青み、肌なじみと血色感、それぞれ黄金バランスで叶える上品なくすみピンクベージュ。やっぱりこういう色が一番惹かれる画像提供：RED （421122382） ,1517421395881340928
@fortune_sachiko,2022-04-22 15:55:43,jill leen.の新作グリッターライナーが可愛すぎ…。ピンク・クリア・グリーン・レッド・ベージュ・パープルの全6色展開で、各カラーに微細な多色ラメがぎっしり。光の粒が星屑みたいに輝いて、潤んだ瞳を演出してくれるんだとか ,1517396717158600705
@fortune_sachiko,2022-04-22 13:01:09,UZUの新作ベージュアイライナーが可愛い！赤みと黄みが絶妙なバランスで、ホワイトよりも肌なじみがよく、血色感もプラスされたベージュ。色素薄い系メイクにぴったり他にもライトブラウン＆ダークネイビーも同時発売されるそうです。 ,1517352784646918145
@fortune_sachiko,2022-04-21 16:40:28,圧倒的メイク技術を持つ中国ワンホンが愛用してるメイクブラシたち。これ以外にもたくさんのブラシを持ってるみたいだけど、この6本が特によく使う組み合わせらしい画像提供：RED （236638753） ,1517045591351578624
@fortune_sachiko,2022-04-21 14:50:40,ミシャのプロカバーからBBクリームが出る！なんと30時間もツヤ・色・カバー力が続くらしい…。1日中崩れない陶器肌が叶うプロ級カバーBB、これはかなり気になるウエルシアグループ限定で販売されるそうです！ ,1517017958828019712
@fortune_sachiko,2022-04-21 12:29:12,「灼熱の国だからメイク崩れしない高機能なコスメが多い」と噂のタイコスメ。そんなタイで売上No.1のティントを含む新作コスメが日本上陸するらしい…！キャシードールの「カバーマットシリーズ」全6アイテム税込770円〜買えるプチプラ価格も嬉しい ,1516982357357518848
@fortune_sachiko,2022-04-20 17:27:41,手の位置で決まる自撮りポーズ9選カメラを向けられると、なぜかオバショットになってしまうという方は絶対見て〜！画像提供：RED（436040681） ,1516695084661571587
@fortune_sachiko,2022-04-20 16:46:42,KATE「リップモンスター」に新色が出る！ルビーレッドの「12 誓いのルビー」、スモーキーピンクの「3:00AMの微酔」、フレッシュオレンジの「14 憧れの日光浴」の3色展開。夏メイク似合いそうなカラーが揃ってるな〜2色を重ねて作る“ミックスモンスター”も気になる… ,1516684769731350528
@fortune_sachiko,2022-04-20 14:11:31,パラドゥの「星形センイ」を使ったリキッドアイライナーが気になる。断面が星形のセンイを60％使用してるから、液含みが良く、コシのあるブレない筆先になっているんだとか！断面拡大図見たら本当に星形になっててすごい…⭐️ ,1516645718466826240
@fortune_sachiko,2022-04-20 11:42:09,エクセル「スキニーリッチシャドウ」に限定色が出るらしい。ピンクとオレンジの上品なニュアンスカラーで、自然なグラデーションを叶える「SR12 デニッシュブラウン」。絶妙なブラウンベースだから毎日使いやすい☺️ ,1516608128636256257
@fortune_sachiko,2022-04-19 18:01:32,ラメライナーの使い方に迷ってる人、一回このメイクを真似してみて。目のくぼみ・黒目の下・目尻・目頭の4箇所にラメをのせるだけで、透明感と目のうるみ感が劇的にアップする。ホワイトのラメを使えば派手になりすぎず、ピュアなキラキラEYEになれるよ✨画像提供：RED （236638753） ,1516341212969459716
@fortune_sachiko,2022-04-19 16:09:10,エクセルの美容液UVが今年も限定発売される！これ本当に使用感が良くて、みずみずしい薄膜タッチで肌に溶け込むようになじむ。SPF50 PA++++でしっかり紫外線対策できるし、香りも良い。パケも可愛くて、税込1540円でゲットできるよ〜 ,1516312936439955456
@fortune_sachiko,2022-04-19 11:36:33,セルヴォーク2022夏コレクション土・木・水など自然の恵みを「色」にした、肌なじみの良い洗練モードなコスメが登場！大樹の年輪みたいな“うずまき柄”フェイスパウダーに、イエベさん大優勝なマットリップ、神話をイメージしたマルチカラーなど、一癖あるコスメが可愛い ,1516244329722888195
@fortune_sachiko,2022-04-18 20:09:26,タイ版の「花より男子」、F4役のタイ俳優さんがイケメンすぎてびっくりしたんだけど、タイ女優さんも本当に美人。凛としてて媚びない、けど女性らしくて圧倒的に美しい、みたいなタイメイクすごく憧れる。 ,1516011015661514753
@fortune_sachiko,2022-04-18 18:14:31,中国でじわじわ来てる撮影方法。紙をハートにくり抜いて顔を出すだけなのに可愛さ3割増。こういう可愛いが詰まった動画って永遠に見れるから、日本のTikTokerの方にも是非撮ってもらいたい。画像提供：RED （493356491） ,1515982095897690118
@fortune_sachiko,2022-04-18 15:34:37,YSL「ルージュ ヴォリュプテ シャイン」新色ピンク・ローズ・バーガンディの3色展開。母の日ギフトとして発売されるんだけど、これが上品でめちゃくちゃ可愛いの✨ ,1515941854126100482
@fortune_sachiko,2022-04-18 11:36:54,SNIDEL BEAUTYの夏コレクションがオシャレ。シアーなサマードレスをイメージしたアイパレットに、極細ブラシのニュアンスカラーマスカラ、SPF50/PA++++の石けんオフパウダーなど…機能性も高いコスメが揃ってる✨ ,1515882030147399680
@fortune_sachiko,2022-04-17 18:10:01,NARSの新作リップ#02473が超絶可愛い…。まるでミルクティーみたいな儚げクールトープブラウン。肌なじみの良さと、ほんのり甘い絶妙な血色感で、色気むんむんの大人リップに仕上がる。こういう色は何本あってもいいですからね〜画像提供：RED（112677636） ,1515618572738859010
@fortune_sachiko,2022-04-17 16:38:30,ポツンとニキビをピンポイントでケアするパウダー美容液「ポツント」が気になる。肌荒れを予防のACウォーターと、皮脂吸着のカラミンパウダーの2層で、寝ている間に肌に密着してケアしてくれるんだとか ,1515595541383507969
@fortune_sachiko,2022-04-17 14:18:43,ベージュアイシャドウ×ラメで即完成する、一重さん向けデカ目メイク。肌なじみの良いカラーで、メイク手順もシンプルだから垢抜けメイクにぴったり。アイシャドウをシンプルにした分、まつ毛はバチバチに上げてバランス取るのがポイント！画像提供：RED （lllllxzmm） ,1515560363734888448
@fortune_sachiko,2022-04-17 12:01:59,プリマヴィスタ初のSPF50下地が出るらしい！化粧崩れ＆紫外線を防止するのはもちろん、4つのカラー展開でお肌もトーンアップしてくれる。カラーはベージュ・ラベンダー・メロン・フレンチブルーの4色です‍♀️ ,1515525954621214721
@fortune_sachiko,2022-04-16 20:57:47,中国で流行ってるステッカーメイク。可愛すぎて日本でもTikTokとかで流行りそう画像提供：RED （xiaomi1124） ,1515298407815933956
@fortune_sachiko,2022-04-16 14:19:06,ブレンドベリーから新発売の眉マスカラが可愛い！アッシュカラー×ちらちらパールで、ふんわり立体眉が続くらしい。他のブランドにはない、オリーブブラウン・カシスブラウン・ゴールドブラウンの絶妙なニュアンスカラーがオシャレ。 ,1515198075572129792
@fortune_sachiko,2022-04-16 11:36:47,ラブ・ライナーから眉コスメが出る！ペンシル、マスカラ、キープジェル、パウダーの4アイテムがラインナップしてて、好みの仕上がりに合わせてコスメを選べる。オシャレなニュアンスカラーで色展開も ,1515157225450344449
@fortune_sachiko,2022-04-15 18:30:50,中国の進化した囲み目アイメイクがすごい！ケバく見えないのに目力倍増で、惹きつける眼差しになってる。カットクリースを取り入れて、自然に目元の彫り深く見せてるのがポイント画像提供：RED （nitailihaile） ,1514899035152261129
@fortune_sachiko,2022-04-15 16:24:30,ukaのポケモンネイルが可愛い！！ピカチュウと5匹のポケモンたちをイメージしたオリジナルネイルカラー全6色。ヴィ―ガン処方の大人用と、水溶性で親子で楽しめる子ども用があって、大人も子どもも楽しめるんだって ,1514867242847989760
@fortune_sachiko,2022-04-15 13:59:38,サボンの新作リップケア絶対良い…。リップスクラブ・リップバーム・リップオイルの3アイテムが新発売される。見た目も最高に可愛くて、何なら美味しそう✨これはプレゼントにも爆売れする予感。 ,1514830788994478085
@fortune_sachiko,2022-04-15 12:18:12,マジョマジョから7色の新作カラーライナーが発売される！瞳に宿る色とリンクしてるから、肌から浮かずに、大きな瞳に仕上がるカラーメイクが楽しめるんだとか。ピンクグレージュ、テラコッタ、モーヴピンク、カーキベージュ、ブルーグレーなど…カラバリが超オシャレ ,1514805261315174412
@fortune_sachiko,2022-04-14 16:31:23,今回のNARS新作リップ、カラバリが神すぎる。特に中国では既に話題になってる#02471が本当に可愛い。くすみローズに繊細ラメが贅沢に散りばめられたシマリングモーヴ。これは絶対争奪戦になると思う…画像提供：RED（112677636） ,1514506589104869381
@fortune_sachiko,2022-04-14 14:59:03,Can★Doでゲットできる、本格「おしりケア」が気になる！！おしりパック・おしりの下パック・おしりせっけん・おしりクリームの4製品が数量限定で発売されているそうです。どれも税込220円で買えるから、試してみる価値あり✨ブランド名は“コソ活美容”がコンセプトの『コッソリン』と言うそうな。 ,1514483351490465795
@fortune_sachiko,2022-04-14 11:56:53,「パラドゥ ミニネイル」の天然石カラーが可愛い！天然石の中でも、透け感が特徴のパワーストーンの色と輝きをセレクトした全8色。小粒パール・大粒ホロラメがキラキラ輝くカラーもあって、今回も軽率に買っちゃいそう ,1514437508922105867
@fortune_sachiko,2022-04-13 17:21:43,シャネルのリップ＆チークを全色レビューされている方がいたんだけど、色がとても分かりやすかったので画像お借りしました。さすがシャネル…カラバリが本当に上品。特に#3と#2が好きすぎる画像提供：RED（113946998） ,1514156869270446084
@fortune_sachiko,2022-04-13 12:22:10,RMKの2022夏コレクション✨透明感×スモーキーな輝きをまとったコスメがラインナップしています！ ,1514081482951647238
@fortune_sachiko,2022-04-13 12:02:48,RMKの新作ネイルラッカー全20色✨ ,1514076610218975238
@fortune_sachiko,2022-04-12 16:14:37,エチュードとローカーがコラボした激かわアイシャドウ。マットピンク×グリッターの組み合わせで、甘い目元に仕上がる#ラズベリーヨーグルト。本物のウエハースみたいなパケにも乙女心くすぐられる…画像提供：RED（czccc421） ,1513777591697620993
@fortune_sachiko,2022-04-12 13:16:31,パラドゥの新作「水感ティント」。ツヤのある薄膜仕上げで、唇への負担感はほぼゼロ。マスクにも色移りしにくいんだって！カラーは、イチジクの蜜みたいな「レッド」と、熟れた水蜜桃をイメージした「ピンク」の2色展開。高機能ティントリップがコンビニでゲットできるの嬉しい☺️ ,1513732772514328581
@fortune_sachiko,2022-04-12 12:05:29,新スキンケアブランドの「mufufu/ムフフ」が気になる。毎日のお手入れで、つるんと「むふふ」なふんわり素肌に導くシリーズ。数量限定でスクラブ入りのふわふわクリーム洗顔が発売されるみたい。めちゃくちゃ気持ち良さそう〜☁️ ,1513714897627934720
@fortune_sachiko,2022-04-11 16:36:13,まつ毛をバチバチに盛りたい人は、ブラシ部分が柔らかくて、折り曲げられるマスカラがおすすめ。目頭にも塗りやすいし、下まつ毛にもしっかり液がつく。まつ毛を持ち上げながら塗れるから、カール力もアップするの。幸子の手持ちマスカラは大体曲げれたからやってみて！画像提供：RED （533581673） ,1513420642535628802
@fortune_sachiko,2022-04-11 16:08:16,インテグレート×『おジャ魔女どれみ』の限定アイテムが可愛い！インテグレートの人気ファンデ2種と眉マスカラが、どれみちゃんオリジナルデザインで登場幸子はおジャ魔女世代ど真ん中だから、これは本当に乙女心くすぐられる…©東映アニメーション ,1513413605953196033
@fortune_sachiko,2022-04-11 12:04:19,目袋＆まつ毛にもアプローチする、ランコムの「目もと版・ジェニフィック」！ランコムNo.1美容液のテクノロジーをベースに開発された新目もと用美容液で、目もともまつ毛も同時にケアしてくれるんだとか✨ ,1513352214806421512
@fortune_sachiko,2022-04-10 15:07:31,Laka「花びら陰影パレット」新色2色✨春夏らしい「ピンク・コーラル系」と「ピンク・ラベンダー系」の2種展開です。 ,1513035932978454531
@fortune_sachiko,2022-04-10 11:15:08,Kiss（キス）の眉マスカラ限定色が可愛い。青みレッドの「01 カシスクリーム」と、ほんのりモーヴの「02 クリーミィモーヴ」の2色。どっちも大人のモテニュアンスカラーで気になる ,1512977449071480839
@fortune_sachiko,2022-04-09 17:26:44,セザンヌのティントリップにマットタイプが出る！上品なくすみローズ＆こっくりオレンジベージュの2色展開で、抜け感のあるオシャレなリップに仕上がるそう。マットは乾燥しやすいイメージだけど、「セザンヌ渾身の潤い質感」らしいから期待大…✨ ,1512708580134187013
@fortune_sachiko,2022-04-09 14:48:54,アディクションの2022夏コスメ美しい…。 ,1512668858414354433
@fortune_sachiko,2022-04-09 12:40:28,「ジーニッシュ マニキュア」夏限定色の、こだわりラメ・パール入りネイルが可愛い角度によって輝き方が変わる偏光グリーンとか、多色ラメが煌めくシアーブルーとか…。色の響きだけで欲しくなっちゃう✨ ,1512636535018967040
@fortune_sachiko,2022-04-08 17:48:44,クラランス「コンフォート リップオイル インテンス」の#09、まごうことなき万人受けリップでは？？つけるだけで美人度上がりそうなピンクベージュ。これは可愛い…。画像提供：RED（115849192） ,1512351726837280768
@fortune_sachiko,2022-04-08 13:49:41,今まさに求めてたコスメが、アイムユニから発売される。星屑みたいな輝きのグリッターパレット＆リキッドグリッターに、下まぶたメイクに使えるスティックシャドウ、絶妙な影色アイライナーに、ふんわりMLBBリップ。とりあえずこれ使ってれば旬顔になれそう ,1512291569805586433
@fortune_sachiko,2022-04-08 12:22:12,ジョンマスターオーガニックの「ディズニー限定デザインのリップクリーム」が可愛すぎる…。ギフトボックスは付属のシールでデコったり、メッセージを書き込んだりしてカスタマイズできるそう。税込¥1650でちょっとしたプレゼントにぴったり©Disney ,1512269551169286148
@fortune_sachiko,2022-04-07 20:28:03,ジルスチュアートの「サムシングピュアブルー」が今年も可愛い。“幸運をもたらす祝福の雨”がテーマになった限定コレクション☂️✨毎年人気のフレグランスやリップに、新しくシャンプー・ヘアマスク・美容液化粧下地が仲間入りするそう。これ本当良い香りなんだよね…。 ,1512029431723823104
@fortune_sachiko,2022-04-07 17:55:21,今中国で大流行してる「4V血色メイク」が可愛いから見て！！・目尻の上・鼻先・顎先・頬骨の上の4箇所にV字型にチークを入れてぼかすだけなんだけど、一瞬であどけない少女みたいな表情になる。今すぐにでもやりたい春にぴったりなメイク画像提供：RED（royi0926） ,1511991005402214406
@fortune_sachiko,2022-04-07 16:15:40,ラブ・ライナー初のアイカラーパレットが出るらしい！花束をモチーフにした、7色×6質感のロマンティックなアイシャドウ。ダリアをイメージしたウォームローンと、ライラックをイメージしたモーブトーンの2種展開で、繊細なカラバリが可愛い…同系色のカラーマスカラも新発売されるそうです！ ,1511965918527590401
@fortune_sachiko,2022-04-07 11:53:52,ファミュの限定スリーピングマスクが気になる。クリーミーなテクスチャーでお肌を一晩中うるおいで満たしてくれる保湿マスク。水仙エキスを高配合してるから、年齢肌や肌荒れにもアプローチして、寝ている間にも贅沢ケアしてくれるんだとか✨ ,1511900035503443973
@fortune_sachiko,2022-04-06 16:24:45,キャンメイクのこのリップ、めちゃくちゃオシャレじゃない…？？アールグレイみたいな深みブラウンだけど、ほんのり透け感があるから重たくなりすぎない。プチプラとは思えない大人っぽい仕上がりで気になってる。「ステイオンバームルージュ」の#16だそうです画像提供：RED（713076119） ,1511605814670229504
@fortune_sachiko,2022-04-06 11:52:10,これは“つけま革命”かも。黒と茶の毛にカラーをランダムにMIXした、D-UPの新作『カラーラッシュ』。まばたきの瞬間にチラチラっとカラー覗く、透け感カラーのつけまつ毛で、ピンクやイエロー、テラコッタなど全6色展開✨つけましたことないけどこれは気になる…！ ,1511537217734283268
@fortune_sachiko,2022-04-05 17:08:42,この前スウォッチ見て一目惚れした、シャネルのアイシャドウ#384。実際にアイメイク載せてる方がいたんだけど、やっぱり可愛い色合いもそうなんだけど、右上のラメが絶妙で涙袋にのせるのも良い…画像提供：RED（czccc421） ,1511254490296422400
@fortune_sachiko,2022-04-05 14:38:04,名探偵コナンとコラボした15種類のハンドクリームが可愛い 劇場版「ハロウィンの花嫁」で活躍するキャラもラインナップしてるみたい！映画も楽しみだし、これは友達とプレゼントし合いたい… ,1511216579601522689
@fortune_sachiko,2022-04-05 11:37:37,一重さんだからこそ似合うデカ目メイク。アイプチなしで目を大きく見せたい人は是非やってみて！より自然に仕上げたい時は、目尻のアイラインを短めに、下まつ毛は描かない、つけまはせずにマスカラをしっかり塗るのがおすすめ‍♀️✨画像提供：RED （808063233） ,1511171168497127424
@fortune_sachiko,2022-04-04 15:39:20,アヴァンセ「アイブロウマスカラ＆コート」チップ＆デール限定デザインが可愛い〜！アイブロウコートとアイブロウマスカラが1本になったWエンドの新商品で、カラーもココアブラウン・モカブラウンの2色展開で使いやすい‍♀️✨最近は眉マスカラ命だから買ってみようかな〜？？©︎Disney ,1510869611624894469
@fortune_sachiko,2022-04-04 11:40:40,GUCCIのリップ#213が“可憐”の一言に尽きる。上品な青みのあるくすみローズで、ピンクとパープルの間を取ったような絶妙トーン。これはブルベさんに是非試してもらいたい画像提供：RED（713076119） ,1510809549791408128
@fortune_sachiko,2022-04-03 16:34:53,菊正宗の新作スキンケアが気になる日本酒が肌にもたらす魅力を追求した新ブランド「KIKUCO（キクコ）」。独自の発酵保湿成分＆厳選された美容液成分が、角層深くまで浸透して、うっとり美肌へ導いてくれるんだとか！パッケージデザインも上品で素敵 ,1510521202766336000
@fortune_sachiko,2022-04-03 12:04:29,上まぶたの目頭側に緑色とラメをのせるアイメイクがひたすらに可愛い…。画像提供：RED（1045753803） ,1510453152964784131
@fortune_sachiko,2022-04-02 18:21:02,透け感オレンジ×ゴールドラメのネイルかわええ…。自爪がほんのり透けるちゅるんとしたツヤと、チラチラきらめくラメの組み合わせが最高✨日本にも似たようなネイルないかな画像提供：RED （103442265） ,1510185527307251723
@fortune_sachiko,2022-04-02 14:50:02,kiss（キス）から数量限定発売される、くすみニュアンスカラーのパウダーアイブロウ。眉に差し色をプラスする、くすみピンク＆パープルの2色展開で、抜け感のあるおしゃれ顔を叶えてくれるんだとか ,1510132429834444801
@fortune_sachiko,2022-04-02 11:56:17,エテュセのリキッドアイカラー03が可愛い〜！ラベンダーパープル×シルバーラメの輝きで、“綺麗なお姉さん感”が漂う目元に。日本のコスメが中国でも絶賛されてるの、なんだか嬉しい画像提供：RED（czccc421） ,1510088702285942784
@fortune_sachiko,2022-04-01 20:20:20,巷でよく聞く【面長解消法】まとめ✍・前髪を作る・涙袋を作る・下まつ毛を盛る・上まぶたのアイシャドウは薄く・下まぶたにもアイシャドウ・眉はアンダーラインを強調して平行に・頬にほくろを描く・上唇だけオーバーリップ・チークは横長楕円形に・ハイライトは鼻根と鼻先だけ,1509853162567467012
@fortune_sachiko,2022-04-01 17:01:22,小さな桜のフレークが散りばめられた、VCND「ブルースカイネイル」の#M13✨とろみピンクとお花の組み合わせが最高に可愛い。ちゅるんとしたツヤのある仕上がりも良き…。画像提供：RED（294343371） ,1509803093650669574
@fortune_sachiko,2022-04-01 11:23:09,ディオールの新作リップが大人可愛い。レッドやピンク、ヌードベージュからローズウッドのシリーズまで揃った32色展開で、ファッション感覚で楽しめる4つのリップケースも登場！高級感があって、友達や恋人へのプレゼントにも絶対喜ばれる✨ ,1509717974587912197
@fortune_sachiko,2022-03-31 16:12:14,シャネルのアイシャドウ#384がとんでもなく可愛い…。春にぴったりなピーチティーカラーで、肌なじみも抜群に良いし、ラメもすっごく綺麗。お高いけどこれは欲しくなる〜✨画像提供：RED（115849192） ,1509428340326731779
@fortune_sachiko,2022-03-31 14:38:23,顔のパーツを細工するコスメブランド「CYQ」が5月にデビューするらしい！第一弾アイテムは人中短縮メイクができる「キューピッドリップ」。最近こういう顔のパーツを補正する系のブランドとかコスメ増えてるよね… ,1509404719814303746
@fortune_sachiko,2022-03-30 20:07:47,ディオールの新作リップ#531、イエベ春さん大優勝カラーじゃない？？甘さのある明るいオレンジブラウンで、肌なじみも良いから唇だけ浮かないし、世代問わず万人ウケしそう。リップケースも高級感あって可愛すぎる〜✨画像提供：RED（115849192） ,1509125231113252864
@fortune_sachiko,2022-03-30 16:42:57,イニスフリー新作の日焼け止めが気になる。“シカ成分配合・赤み補正・潤いケア”を全て兼ね備えた「トゥルー マイルド シカ サンスクリーン」✨みずみずしい美容液テクスチャーで、うるうるのツヤ肌に仕上がるらしい！SPF50+/PA++++でUVカットもバッチリだし、かなり優秀じゃない？？ ,1509073682257248258
@fortune_sachiko,2022-03-30 11:42:04,＆honeyのアホ毛直しスティックに、うねりケア成分配合のハードタイプが出る！気になるうねり髪をまっすぐ整えて、汗や湿気からも髪を守ってくれるんだとか。クセ毛さんは買うしかないやつでは…？？そしてパッケージデザインも可愛い ,1508997959425220611
@fortune_sachiko,2022-03-29 21:05:43,ローソンで買えるインテグレートのポーチインコスメに「プチクレヨン アイブロウ＆シャドウ」が出るらしい！これ1つで眉＆目もとメイクが完成するミニセット。売れ筋カラーの2種展開だから、緊急時に購入しても失敗しにくい☺️ ,1508777420551196676
@fortune_sachiko,2022-03-29 17:30:45,うるうるピンクの春メイク可愛い画像提供：RED （106604218） ,1508723324154638342
@fortune_sachiko,2022-03-29 11:42:30,ベアミネラルの「グロスバーム」限定色が圧倒的モテカラーで可愛い。大人かわいいヌード ピンクの「ハート」と、モーヴの「ラブ」の2色展開。ジュレみたいなグロスが、うるうるぷるんな唇を作ってくれるんだって ,1508635682213834754
@fortune_sachiko,2022-03-28 16:46:20,エレガンス単色シャドウ07が可愛い。繊細ラメが散りばめられた、キラキラ赤褐色のアイカラー。シックで落ち着いた印象だけど、煌めくラメで大人っぽい華やかさがある。ぷるんとジュレタイプだから色持ちも良いんだって☺️画像提供：RED（czccc421） ,1508349758368219140
@fortune_sachiko,2022-03-28 12:18:37,美容系動画クリエイター・nanakoななこさんプロデュース「leur charme（ルルシャルム）」のアイシャドウパレットが可愛い。ヨーロッパのお菓子屋さんをイメージした9色入りパレットで、ピンクベース＆オレンジベースの2色展開。PCに縛られず楽しめるんだって！色展開が天才的に可愛いんよな… ,1508282384851996672
@fortune_sachiko,2022-03-27 18:03:01,韓国美女風のM字前髪はこうやって作る。前髪の中心は眉間くらいの幅だけ取って切るのがポイント！絶妙なシースルー感で一気に垢抜けるし、美人度がグッと上がる✊✨用意するもの●ハサミ●前髪クリップ●コーム（眉用カミソリ）画像提供：RED （953931007） ,1508006666930774016
@fortune_sachiko,2022-03-27 15:34:04,高級感のあるキツネ顔メイク✨ポイントをまとめてみました！・影色を入れて鼻筋を細く・アイシャドウは広く淡く・ライナー＆マスカラは赤みブラウン・ゴールドラメをまぶたにON・チークは頬骨に沿って斜めに・ハイライトはぼかさず点置き・リップは鮮やかな赤画像提供：RED （Xmer_1219） ,1507969181043503106
@fortune_sachiko,2022-03-26 19:42:29,ここ数ヶ月・水を1日1.5Lは飲む・ベースメイクはほぼ化粧下地だけ・サイズのあったマスクをつける・顔を極力触らない・揚げ物はとことん避ける・夜更かししない・化粧水と乳液だけのシンプルスキンケア・荒れそうになったらCHOIのマスクを続けてたら肌荒れが激減した（個人差あり）,1507669309513904131
@fortune_sachiko,2022-03-26 16:09:34,マツキヨのスキンケアに、美白機能特化の新シリーズが出るらしい！有効成分のビタミンC誘導体・ナイアシンアミドを配合した全6アイテムが登場。老舗メーカーのナリス化粧品と共同開発したスキンケアだから期待できそう☺️✨ ,1507615727523549184
@fortune_sachiko,2022-03-26 11:07:37,“キツネ系vsたぬき系”あなたはどっち派？アイラインだけで目の形は変えられる！難しいテクニックも使ってないし、この動画通りにメイクすればOKラメをのせる位置とかも勉強になった。幸子は幼く見えるたぬき系が好みです画像提供：RED（264862126） ,1507539740286861313
@fortune_sachiko,2022-03-25 22:44:47,ululisから“うねり・くせ毛”ケアに特化した『ululis PINKme（ウルリス ピンクミー）』が出るらしい！90％以上が補水＋うねりケア成分で構成された、うるおいたっぷりのシャンプー・トリートメント・ヘアオイル。髪のうねりは永遠の悩みだと思ってたから、これは絶対試す…！4/11〜発売ですよ✍✨ ,1507352799599726592
@fortune_sachiko,2022-03-25 18:01:42,最近美容用語増えすぎて、よく分からん…ってなりませんか？「中顔面」とか「奥目・出目」とか「遠心顔・求心顔」とか。新しい言葉がどんどん生まれて、求められる美のレベルも上がってきてる。とりあえず最近よく聞く美容用語まとめてみたので、参考なると嬉しいです☺️✨ ,1507281558834581504
@fortune_sachiko,2022-03-25 11:55:19,3COINSの「and us」からスキンケアラインが出るらしい！ジェルクレンジングや化粧水、乳液など、330〜550円で買える全15アイテムがラインナップしてるみたい。無印みたいなシンプルなパケでおしゃれだけど、実際の使用感どうなんだろ ,1507189356183793679
@fortune_sachiko,2022-03-25 09:09:30,マジョマジョの春新作コスメ。単色アイシャドウ新色と、専用ケース、メイク固定ミストが4/21〜発売されるそうです！幸子は3Dラメ搭載の限定色「冷凍ベリー」と、くすみピンク×ブルーパールの「ひとひら」が気になる ,1507147627040677889
@fortune_sachiko,2022-03-24 17:37:25,団子鼻や太い鼻先で悩んでる人は最初の5秒だけでも見て！！！私も団子鼻で悩んでるんだけど、これと同じようにメイクしたらキレイな鼻筋ができた✨マットなハイライトを使ってるから、わざとらしくないし自然なの☺️画像提供：RED （317387051） ,1506913061369614336
@fortune_sachiko,2022-03-24 15:33:40,jill leen.「繊維ネイル」の日本限定色が可愛い。キウイジャム・ブルーベリージャム・りんごジャム・くるみジャム・カシスジャムの全5色展開。透け感＆くすみ感が今っぽいネイルカラーで、単色でも凝った雰囲気の指先に仕上がる！くるみジャム欲しすぎるな〜 ,1506881918490472454
@fortune_sachiko,2022-03-24 12:23:17,to/one（トーン）の夏コスメが可愛すぎる件。爪に煌めきフィルターをかけるカラートップコートに、ネイルオイル＆リムーバー。カラーパール入りの色付きトップコートとか絶対オシャレなやつ…数量限定発売されるローズ＆ハニーのリキッドシャドウと、ピュアブラウンのアイシャドウも可愛いの。 ,1506834007035559939
@fortune_sachiko,2022-03-24 10:59:36,韓国コスメマニア度チェック。知ってるブランドはそこそこあったけど、実際に持ってる・使ったことがあるブランドはほんの一握りだった…。まだまだ精進します‍♀️  ,1506812945279320067
@fortune_sachiko,2022-03-23 20:26:43,レブロンから限定発売の星空ネイル✨パール・ホログラム・グリッター、3種の質感のキラキラがギュッと詰まった新色＆限定色が可愛い。 ,1506593280938557441
@fortune_sachiko,2022-03-23 18:00:32,REDでよく見かけるから気になってた、INTO Uの水折光ティントが、ついに日本でも発売される！透明感・潤い・ツヤ・色もち、全部兼ね備えたリップティント。今っぽいヌーディな6色展開で、カラバリも最高に可愛いの。みんな唇がぷるんぷるんになってたから、めちゃくちゃ期待してる ,1506556491376979968
@fortune_sachiko,2022-03-23 14:22:37,アピューのアイスキャンディみたいなUVスティックが可愛い3種の香りとカラーから選べて、ジューシーな果実感が楽しめるんだとか。しかも…ただ可愛いだけじゃなくて、SPF50+/PA++++の高いUVカット効果と、保湿成分ナイアシンアミド配合で高機能なのもポイント！ ,1506501649019277312
@fortune_sachiko,2022-03-23 12:49:53,キャンメイクから3月下旬発売のピンクコスメたち。新商品の「オーロラカクテルグリッター」がめっちゃ気になる〜 ,1506478312327053316
@fortune_sachiko,2022-03-22 22:23:30,タイコスメシーチャンの最高傑作パウダーがこの春新発売されるらしい。タイのベストコスメを受賞している売上No.1のアイテムで、リーズナブルなのにデパコス級の仕上がりを叶えてくれんだとか。ブランド史上最高のテカリ＆皮脂抑制パウダーも同時発売されるそうです！ ,1506260279516008449
@fortune_sachiko,2022-03-22 18:08:39,ゲランのとろける艶蜜仕上げのハニーパックティントが可愛すぎ！蜜のようなツヤと透けるようなフローラルカラーで唇を色づける新作ティントバーム。高いケア効果でハニーパックをした後のようなぷるん唇が続くんだとか。しかもティントだからマスクでも落ちにくい！この春大本命のリップかも… ,1506196144929484804
@fortune_sachiko,2022-03-22 14:51:14,ファミマコスメsopo（ソポ）の春夏新商品が気になる。注目は、ストロベリーショコラ＆スモーキーブルーの新作4色アイパレット。人気のマスカラ・ネイル・パウダー＆ライナーからはトレンドカラーの限定色が発売されるそうです！ソポはいつも絶妙なカラバリで可愛いよね…✨ ,1506146464120025090
@fortune_sachiko,2022-03-22 13:13:55,FERNANDAのカフェシリーズが素敵。ブラックティー＆ミルクティーの香りが楽しめる『ティーコレクション』。香水・ハンドクリーム・ボディーソープ・ボディスクラブ・ホームフレグランスなどがラインナップしているそうです☕️✨これは紅茶好きさん必見ですね…！ ,1506121972475858945
@fortune_sachiko,2022-03-22 11:43:40,BLACKPINKのリサ風キャットラインの描き方目の横幅がグッと広く見えるしこれだけで目が主役のメイクになる！手順さえ覚えたら簡単にできそう✊画像提供：RED （638714625） ,1506099261628313604
@fortune_sachiko,2022-03-21 18:55:18,CandyDoll（キャンディドール）の洗い流すパック＆トーンアップUVクリームが気になる。素肌もボディも全身まるごと、透明感のある白肌を叶えるアイテムなんだとか！UVクリームはSPF50+ PA+++で、これからのUVケアにも良さそう☀️ ,1505845497889656832
@fortune_sachiko,2022-03-21 16:06:45,エクセルの4色入り眉パレットに限定色が出るらしい！明るめピンクブラウンの「モーヴブラウン」と、都会的なアッシュブラウンの「オリーブブラウン」。既存色よりも鮮やかな2色展開で、抜け感のある眉に仕上がるんだって✨ ,1505803079660158980
@fortune_sachiko,2022-03-21 15:37:29,マツキヨのクレンジングバームに毛穴対策の「黒」が出るらしい！炭を配合したとろけるような質感の黒いバームで、毛穴の奥につまった皮脂や汚れをすっきりと除去してくれるんだとか。95g入り税込1848円で、4/11〜販売開始されるそうです‍♀️✨ ,1505795714563026948
@fortune_sachiko,2022-03-21 12:02:29,ラポドゥジェムの新作ネイルがオシャレ。春にあえてのくすみ系やダークトーンを選んだ全4色展開です ,1505741608183951362
@fortune_sachiko,2022-03-20 20:20:55,SABON（サボン）から新発売のシャンプーバーがオシャレ。オーガニックボタニカルオイルを贅沢に配合した固形シャンプーで、清潔感あふれる2種の香りが展開されるそうです！別売りのソープケースが可愛くてプレゼントにも良さそう☺️ ,1505504654032924673
@fortune_sachiko,2022-03-20 13:44:32,圧倒的な透明感で無双しているワンホン。肌も髪も顔のパーツも、元々の素材が抜群に整ってるから、着飾らなくてもナチュラルな可愛さが溢れ出てる。そこに子犬みたいな愛嬌もあったら…そりゃ最強だよね画像提供：RED （368221646） ,1505404901945331717
@fortune_sachiko,2022-03-20 11:06:27,はちみつカラーのメイクベースとハイライターが可愛いハニーロアの「ハニーポットシリーズ」から新発売されるアイテムで、プライマーで肌のテカリ防止・ハイライターで輝きをプラスできる。ほんのりはちみつの香りつきなんだって ,1505365117646503939
@fortune_sachiko,2022-03-19 18:13:09,OSAJI（オサジ）のミッドサマーコレクション。ネイル新6色とアイシャドウパレット新色が4/6〜全国発売されるそうです！アンティーク感のあるカラー展開がオシャレで可愛い✨ ,1505110114591653890
@fortune_sachiko,2022-03-19 16:18:46,ディアダリアの春夏コレクション。ピンクのダリアの花にインスパイアされた、愛されカラーの新作コスメが可愛い。特にマット＆グリッターアイシャドウのカラバリは天才すぎる… ,1505081328949084160
@fortune_sachiko,2022-03-19 11:02:17,いつも可愛い友達から、ふわっと「ザ・女の子」な香りがしたから、何を使ってるのか聞いてみたら、キャンメイクのプチプラ香水だった。その子が使ってたのは限定のFRESHで、ほんのり甘くて清潔感のある桜の香り。税込770円とか安すぎて私も即買ってしまった… ,1505001682274426883
@fortune_sachiko,2022-03-18 18:30:19,美容垢さんが声を揃えて良いと言うシャネルのレベージュ。上品なローズベージュ系の「テンダー」が素敵すぎない…？ナチュラルなのに盛れてるし、ラメが綺麗で品の良い華やかさがある画像提供：RED（102161750） ,1504752047664484352
@fortune_sachiko,2022-03-18 14:01:46,hinceの新作コスメが可愛い。新登場するティントリップは、ウォーターコーティングで仕上がり長持ち！日本限定色を含む全10色が展開されるそう。アイシャドウパレットからはウォームベースの新色2種が発売されるよどっちのコスメも期待大すぎる…！ ,1504684462138793989
@fortune_sachiko,2022-03-18 11:40:10,エチュード「プレイカラーアイズ ミニオブジェ」に日本限定色が出るらしい！煌びやかな「ヒマワリハーバリウム」と、透明感のある「ラベンダーポプリ」の全2色。早くも夏全開のカラバリで可愛い✨ ,1504648829420769282
@fortune_sachiko,2022-03-17 19:10:10,色素薄めの儚げメイク可愛い。画像提供：RED （1045753803） ,1504399687431835648
@fortune_sachiko,2022-03-17 15:53:07,ジルスチュアートの夏コレクションが可憐すぎる…。ベージュ・ピンク・コーラル系の色展開が圧倒的女の子感で可愛い ,1504350099622617092
@fortune_sachiko,2022-03-17 12:33:39,Lakaの新作「フルーティーグラムティント」が気になる。みずみずしいツヤ感のある果汁ティントで、唇の温度に反応して光沢感が高まるらしい…！10種のビタミン配合でうるおいケアしながら、マスクにもつきにくいなんて優秀すぎない？？私もこんなぷるぷる唇になりたい‍♀️ ,1504299902179831810
@fortune_sachiko,2022-03-16 18:16:57,丸顔に悩んでいる人必見！顎がシャープになって小顔に見える2stepメイクリップライナーとシェーディング＆ハイライトがあれば今すぐできる✊✨わざとらしくないのに本当にシャープに見えるからすごい。画像提供：RED （taymethere） ,1504023908810338304
@fortune_sachiko,2022-03-16 15:37:43,トゥーフェイスドの新作コスメが可愛すぎ。蝶々モチーフのフェミニンなアイシャドウ・チーク・リップが3/25〜全国発売されるそうですトゥーフェイスドはいつも乙女心をくすぐりすぎでしょ… ,1503983834689249280
@fortune_sachiko,2022-03-16 12:16:38,バニラコのクレンジングバームに高保湿タイプが出るらしい！オイルの含有量が多い高保湿バームで、うるおいのある肌へ洗い上げてくれるんだとか。そんな高保湿タイプを含むクレンジング4種が揃ったミニセットも発売されるそうで、お値段1000円以下…これは気になる ,1503933231749492739
