@24hcosme,2022-04-19 13:36:23,化粧ポーチにちょうどいいサイズ『24 ミネラルパウダーファンデ プチサイズ』入荷しました。 #24hcosme #24hコスメ #コスメ,1516274486340820993
@24hcosme,2022-04-19 13:36:09,続いて大人気の『24 ミネラルスティックファンデ』も入荷です。 #24hcosme #24hコスメ #コスメ,1516274426760761349
@24hcosme,2022-04-19 13:35:38,大変お待たせいたしました。SNSで話題沸騰、長期欠品中だった『24 ミネラルUVコンシーラー』が入荷しております。 #24hcosme #24hコスメ #コスメ,1516274299929169922
@24hcosme,2022-03-24 12:00:00,【24hcosme】にーよん(24)の日セール開催毎月恒例のお得なセール大好評開催です！セール会場はこちら→ 開催期間：3月28日（月）09:59まで ,1506828148444258317
@24hcosme,2022-03-22 12:00:01,【24hcosme】にーよん(24)の日セール開催毎月恒例のお得なセール大好評開催です！セール会場はこちら→ 開催期間：3月28日（月）09:59まで ,1506103375850610692
@24hcosme,2022-03-22 11:14:54,ご購入できなかったお客様の声を多数頂きましたため、人気の『【訳あり現行品】24 ミネラルUVコンシーラーデュオ＆ブラシセット』を若干数ではありますが、在庫確保致しましたので補充しております。 ,1506092022800605186
@24hcosme,2022-03-21 19:00:01,【24hcosme】にーよん(24)の日セール開催毎月恒例のお得なセール大好評開催です！セール会場はこちら→ 開催期間：3月28日（月）09:59まで ,1505846684609261569
@24hcosme,2022-03-20 18:00:02,【24hcosme】にーよん(24)の日セール開催毎月恒例のお得なセール大好評開催です！セール会場はこちら→ 開催期間：3月28日（月）09:59まで ,1505469200147615744
@24hcosme,2022-03-19 18:00:01,【24hcosme】にーよん(24)の日セール開催毎月恒例のお得なセール大好評開催です！セール会場はこちら→ 開催期間：3月28日（月）09:59まで ,1505106810193145861
@24hcosme,2022-03-18 18:00:03,【24hcosme】にーよん(24)の日セール開催毎月恒例のお得なセール大好評開催です！セール会場はこちら→ 開催期間：3月28日（月）09:59まで ,1504744428828704772
@24hcosme,2022-02-27 12:00:00,【24hcosme】にーよん(24)の日セール開催毎月恒例のお得なセール大好評開催です！セール会場はこちら→ ＜＜まもなく終了＞＞開催期間：2月28日（月）09:59まで ,1497768450608939008
@24hcosme,2022-02-26 21:00:00,【24hcosme】にーよん(24)の日セール開催毎月恒例のお得なセール大好評開催です！セール会場はこちら→ 開催期間：2月28日（月）09:59まで ,1497541959493332994
@24hcosme,2022-02-25 20:00:02,【24hcosme】にーよん(24)の日セール開催毎月恒例のお得なセール大好評開催です！セール会場はこちら→ 開催期間：2月28日（月）09:59まで ,1497164479720669191
@24hcosme,2022-02-24 18:00:00,【24hcosme】にーよん(24)の日セール開催毎月恒例のお得なセール大好評開催です！セール会場はこちら→ 開催期間：2月28日（月）09:59まで ,1496771882791624704
@24hcosme,2022-02-23 12:00:01,【24hcosme】にーよん(24)の日セール開催毎月恒例のお得なセール大好評開催です！セール会場はこちら→ 開催期間：2月28日（月）09:59まで ,1496318903844171777
@24hcosme,2022-02-22 18:00:01,【24hcosme】にーよん(24)の日セール開催毎月恒例のお得なセール大好評開催です！セール会場はこちら→ 開催期間：2月28日（月）09:59まで ,1496047111527297025
@24hcosme,2022-01-24 18:00:02,【24hcosme】にーよん(24)の日(crown)セール開催毎月恒例のお得なセール大好評開催です！セール会場はこちら→ &lt;&lt;まもなく終了&gt;&gt;開催期間：1月25日（火）09:59まで ,1485537868537868288
@24hcosme,2022-01-23 12:00:02,【24hcosme】にーよん(24)の日(crown)セール開催毎月恒例のお得なセール大好評開催です！セール会場はこちら→ 開催期間：1月25日（火）09:59まで ,1485084883328274432
@24hcosme,2022-01-22 18:00:00,【24hcosme】にーよん(24)の日(crown)セール開催毎月恒例のお得なセール大好評開催です！セール会場はこちら→ 開催期間：1月25日（火）09:59まで ,1484813083289665536
@24hcosme,2022-01-21 18:15:00,【24hcosme】にーよん(24)の日(crown)セール開催毎月恒例のお得なセール大好評開催です！セール会場はこちら→ 開催期間：1月25日（火）09:59まで ,1484454470926798852
@24hcosme,2021-12-27 07:30:00,【24hcosme】にーよん(24)の日セール開催毎月恒例のお得なセール大好評開催です！セール会場はこちら→ &lt;&lt;まもなく終了&gt;&gt;開催期間：12月27日（月）09:59まで ,1475232455032393728
@24hcosme,2021-12-26 17:00:01,【24hcosme】にーよん(24)の日セール開催毎月恒例のお得なセール大好評開催です！セール会場はこちら→ &lt;&lt;まもなく終了&gt;&gt;開催期間：12月27日（月）09:59まで ,1475013518772645889
@24hcosme,2021-12-25 12:00:03,【24hcosme】にーよん(24)の日セール開催毎月恒例のお得なセール大好評開催です！セール会場はこちら→ 開催期間：12月27日（月）09:59まで ,1474575641076924419
@24hcosme,2021-12-24 12:00:01,【24hcosme】にーよん(24)の日セール開催毎月恒例のお得なセール大好評開催です！セール会場はこちら→ 開催期間：12月27日（月）09:59まで ,1474213242780196865
@24hcosme,2021-12-24 09:49:39,大好評開催中！ ,1474180435567874051
@24hcosme,2021-12-23 18:00:01,【24hcosme】にーよん(24)の日セール開催毎月恒例のお得なセール大好評開催です！セール会場はこちら→ 開催期間：12月27日（月）09:59まで ,1473941453361537025
@24hcosme,2021-12-13 09:06:07,【24hcosme】にーよん(24)の日セール開催毎月恒例のお得なセール大好評開催です！セール会場はこちら→ ＜＜まもなく終了＞＞開催期間：12月13日（月）09:59まで ,1470183214316920836
@24hcosme,2021-11-24 18:00:01,【24hcosme】にーよん(24)の日セール開催毎月恒例のお得なセール大好評開催です！セール会場はこちら→ ＜＜まもなく終了＞＞開催期間：11月25日（木）09:59まで ,1463432203615014914
@24hcosme,2021-11-23 12:00:01,【24hcosme】にーよん(24)の日セール開催毎月恒例のお得なセール大好評開催です！セール会場はこちら→ 開催期間：11月25日（木）09:59まで ,1462979218606800900
@24hcosme,2021-11-22 18:00:00,【24hcosme】にーよん(24)の日セール開催毎月恒例のお得なセール大好評開催です！セール会場はこちら→ 開催期間：11月25日（木）09:59まで ,1462707426252181510
@24hcosme,2021-11-21 12:00:02,【24hcosme】にーよん(24)の日セール開催毎月恒例のお得なセール大好評開催です！セール会場はこちら→ 開催期間：11月25日（木）09:59まで ,1462254447728504832
@24hcosme,2021-11-20 12:00:02,【24hcosme】にーよん(24)の日セール開催毎月恒例のお得なセール大好評開催です！セール会場はこちら→ 開催期間：11月25日（木）09:59まで ,1461892062287126528
@24hcosme,2021-11-19 18:30:00,【24hcosme】にーよん(24)の日セール開催毎月恒例のお得なセール大好評開催です！セール会場はこちら→ 開催期間：11月25日（木）09:59まで ,1461627811165196291
@24hcosme,2021-11-08 09:28:32,【24hcosme】アウトレットセール開催中！お得なセール大好評開催です！在庫限定お買い逃しなく！セール会場はこちら→ ＜＜まもなく終了＞＞開催期間：11月08日（月）09:59まで ,1457505281705857035
@24hcosme,2021-10-31 18:00:01,【24hcosme】アウトレットセール開催中！お得なセール大好評開催です！在庫限定お買い逃しなく！セール会場はこちら→ ＜＜まもなく終了＞＞開催期間：11月01日（月）09:59まで ,1454734894010142723
@24hcosme,2021-10-29 18:00:01,【24hcosme】アウトレットセール開催中！お得なセール大好評開催です！在庫限定お買い逃しなく！セール会場はこちら→ 開催期間：11月01日（月）09:59まで ,1454010119361122311
@24hcosme,2021-10-24 19:00:01,【24hcosme】にーよん(24)の日セール開催お得なセール大好評開催です！在庫限定お買い逃しなく！セール会場はこちら→ ＜＜まもなく終了＞＞開催期間：10月25日（月）09:59まで ,1452213282312372226
@24hcosme,2021-10-23 19:00:00,【24hcosme】にーよん(24)の日セール開催お得なセール大好評開催です！在庫限定お買い逃しなく！セール会場はこちら→ 開催期間：10月25日（月）09:59まで ,1451850888587345927
@24hcosme,2021-10-22 19:00:00,【24hcosme】にーよん(24)の日セール開催お得なセール大好評開催です！在庫限定お買い逃しなく！セール会場はこちら→ 開催期間：10月25日（月）09:59まで ,1451488499996061696
@24hcosme,2021-10-07 17:31:47,あなたはどっち派？ベースメイクにイチオシのミネラルコスメを抽選で5名様にプレゼント！,1446030482261430276
@24hcosme,2021-09-26 19:00:00,【24hcosme】にーよん(24)の日セール開催ボリューム大のお得なセール大好評開催です！セール会場はこちら→ ＜＜まもなく終了＞＞開催期間：9月27日（月）09:59まで ,1442066416874762242
@24hcosme,2021-09-25 19:30:00,【24hcosme】にーよん(24)の日セール開催ボリューム大のお得なセール大好評開催です！セール会場はこちら→ 開催期間：9月27日（月）09:59まで ,1441711578873802755
@24hcosme,2021-09-24 19:30:01,【24hcosme】にーよん(24)の日セール開催ボリューム大のお得なセール大好評開催です！セール会場はこちら→ 開催期間：9月27日（月）09:59まで ,1441349192262189058
@24hcosme,2021-09-23 19:30:00,【24hcosme】にーよん(24)の日セール開催ボリューム大のお得なセール大好評開催です！セール会場はこちら→ 開催期間：9月27日（月）09:59まで ,1440986803465555974
